 Libcell,Min_delay,Avg_delay,Max_delay

 SDFFXRPQ_X1N_A9PP84TL_C14 ,0.030,0.0788,0.085
 AOI211_X2N_A9PP84TR_C16 ,0.030,0.03,0.030
 NOR2_X2R_A9PP84TSL_C14 ,0.006,0.007500000000000006,0.013
 OAI211_X1N_A9PP84TSL_C16 ,0.020,0.0205,0.021
 AOI211_X3N_A9PP84TSL_C14 ,0.014,0.016,0.018
 SDFFXRPQ_X1N_A9PP84TR_C16 ,0.024,0.08163248730964465,0.115
 NAND4_X1N_A9PP84TL_C16 ,0.026,0.0275,0.029
 NAND3_X4R_A9PP84TR_C14 ,0.013,0.01675,0.021
 INV_X8F_A9PP84TSL_C16 ,0.009,0.012333333333333333,0.014
 PREICG_X16R_A9PP84TL_C14 ,0.014,0.02159596510359885,0.032
 AOI22_X4N_A9PP84TR_C14 ,0.010,0.013809523809523817,0.016
 INV_X20F_A9PP84TR_C16 ,0.006,0.008299999999999998,0.025
 SDFFXRPQ_X1N_A9PP84TL_C16 ,0.050,0.05,0.050
 INV_X28R_A9PP84TR_C14 ,0.004,0.004,0.004
 NOR2_X2R_A9PP84TSL_C16 ,0.016,0.016,0.016
 DLY4_X1N_A9PP84TR_C16 ,0.037,0.05872477064220186,0.156
 INV_X24F_A9PP84TSL_C14 ,0.008,0.008,0.008
 AOI22_X3R_A9PP84TR_C14 ,0.011,0.0152,0.018
 NAND3_X4R_A9PP84TR_C16 ,0.027,0.027,0.027
 NAND2_X8R_A9PP84TR_C14 ,0.011,0.013642857142857142,0.016
 INV_X16R_A9PP84TR_C14 ,0.005,0.005333333333333333,0.006
 INV_X3R_A9PP84TSL_C14 ,0.006,0.00913698630136987,0.033
 PREICG_X16R_A9PP84TL_C16 ,0.030,0.030000000000000016,0.030
 NAND3_X1N_A9PP84TSL_C14 ,0.015,0.06538461538461537,0.081
 MX2_X2N_A9PP84TSL_C14 ,0.013,0.017,0.025
 BUF_X1N_A9PP84TR_C14 ,0.013,0.017,0.021
 NAND2_X8R_A9PP84TL_C14 ,0.011,0.011428571428571427,0.012
 AOI22_X1P5R_A9PP84TSL_C14 ,0.014,0.0155,0.017
 NAND2_X2R_A9PP84TSL_C14 ,0.007,0.012303571428571436,0.018
 AOI21_X1P5N_A9PP84TSL_C16 ,0.019,0.019,0.019
 INV_X3R_A9PP84TSL_C16 ,0.024,0.024,0.024
 NAND2_X8TN_A9PP84TSL_C14 ,0.008,0.011131578947368428,0.014
 INV_X8F_A9PP84TR_C14 ,0.005,0.0058000000000000005,0.007
 AOI22_X3N_A9PP84TSL_C14 ,0.012,0.014199999999999999,0.016
 INV_X10R_A9PP84TSL_C14 ,0.005,0.007117021276595589,0.015
 BUF_X1N_A9PP84TR_C16 ,0.010,0.020749999999999994,0.047
 MX2_X2N_A9PP84TSL_C16 ,0.013,0.015666666666666666,0.017
 OAI22_X4N_A9PP84TSL_C16 ,0.011,0.011,0.011
 AO21A1AI2_X3N_A9PP84TL_C14 ,0.016,0.016,0.016
 INV_X8F_A9PP84TL_C14 ,0.006,0.006,0.006
 NAND2_X2R_A9PP84TSL_C16 ,0.012,0.012,0.012
 BUF_X1N_A9PP84TL_C16 ,0.017,0.07938095238095241,0.102
 AOI22_X3N_A9PP84TSL_C16 ,0.010,0.010166666666666666,0.011
 INV_X8F_A9PP84TR_C16 ,0.010,0.01,0.010
 INV_X10R_A9PP84TSL_C16 ,0.006,0.006,0.006
 INV_X6N_A9PP84TR_C14 ,0.005,0.03563414634146342,0.049
 OAI21_X3N_A9PP84TSL_C14 ,0.012,0.012,0.012
 SDFFXRPQ_X2N_A9PP84TSL_C14 ,0.020,0.02078000000000001,0.045
 BUF_X14N_A9PP84TSL_C14 ,0.013,0.015874906924795422,0.021
 NAND2_X8N_A9PP84TSL_C14 ,0.015,0.015,0.015
 PREICG_X6N_A9PP84TL_C14 ,0.031,0.05394186046511628,0.062
 XNOR2_X1TN_A9PP84TSL_C14 ,0.015,0.0155,0.017
 INV_X6N_A9PP84TL_C14 ,0.005,0.01,0.011
 INV_X16N_A9PP84TSL_C14 ,0.005,0.0066,0.010
 NOR2_X4F_A9PP84TSL_C14 ,0.008,0.009000000000000001,0.012
 AOI21_X2N_A9PP84TSL_C14 ,0.012,0.015428571428571434,0.018
 INV_X6N_A9PP84TR_C16 ,0.008,0.010150000000000003,0.016
 MXT2_X2N_A9PP84TR_C14 ,0.031,0.031,0.031
 PREICG_X5R_A9PP84TL_C14 ,0.031,0.035,0.039
 AOI22_X1F_A9PP84TR_C14 ,0.019,0.03808333333333334,0.071
 SDFFXRPQ_X2N_A9PP84TSL_C16 ,0.026,0.0315,0.048
 BUF_X32N_A9PP84TSL_C14 ,0.014,0.01678378378378379,0.020
 NAND4_X1R_A9PP84TSL_C14 ,0.012,0.013000000000000001,0.014
 INV_X5R_A9PP84TL_C14 ,0.006,0.007,0.008
 OR3_X1N_A9PP84TL_C16 ,0.014,0.014,0.014
 AOI2XB1_X1N_A9PP84TR_C16 ,0.046,0.046,0.046
 INV_X14F_A9PP84TR_C14 ,0.005,0.006625000000000001,0.012
 BUFH_X1N_A9PP84TSL_C14 ,0.023,0.02525,0.027
 PREICG_X6N_A9PP84TL_C16 ,0.036,0.03684878744650522,0.049
 PREICG_X12N_A9PP84TL_C14 ,0.022,0.022,0.022
 MXT2_X2N_A9PP84TL_C14 ,0.023,0.025857142857142856,0.028
 AOI22_X1F_A9PP84TL_C14 ,0.018,0.0205,0.023
 INV_X5R_A9PP84TR_C16 ,0.006,0.0195,0.056
 INV_X16N_A9PP84TSL_C16 ,0.004,0.004,0.004
 INVP_X1F_A9PP84TSL_C14 ,0.009,0.01085384615384615,0.014
 AOI21_X2N_A9PP84TSL_C16 ,0.014,0.017,0.019
 AOI21B_X2N_A9PP84TSL_C14 ,0.013,0.02057142857142857,0.026
 OAI31_X3N_A9PP84TSL_C14 ,0.012,0.011999999999999823,0.012
 MXT2_X2N_A9PP84TR_C16 ,0.025,0.025500000000000002,0.026
 PREICG_X5R_A9PP84TL_C16 ,0.025,0.025000000000000005,0.025
 AO1B2_X1N_A9PP84TR_C16 ,0.007,0.031789473684210534,0.043
 AOI22_X1F_A9PP84TR_C16 ,0.008,0.027499999999999986,0.060
 INV_X5R_A9PP84TL_C16 ,0.006,0.0104,0.016
 AO21B_X2N_A9PP84TSL_C14 ,0.008,0.014039473684210534,0.024
 INV_X14F_A9PP84TR_C16 ,0.005,0.0055,0.006
 NOR2XB_X2N_A9PP84TR_C14 ,0.032,0.032,0.032
 INV_X5F_A9PP84TSL_C14 ,0.006,0.011215384615384624,0.015
 INV_X12N_A9PP84TR_C14 ,0.005,0.006874999999999999,0.009
 MXT2_X2N_A9PP84TL_C16 ,0.027,0.029666666666666664,0.034
 BUFH_X5N_A9PP84TR_C14 ,0.014,0.014,0.014
 AO1B2_X1N_A9PP84TL_C16 ,0.024,0.024,0.024
 AOI31_X2N_A9PP84TSL_C14 ,0.015,0.0155,0.016
 BUF_X7N_A9PP84TR_C14 ,0.014,0.016666666666666666,0.020
 SDFFRPQ_X4N_A9PP84TL_C14 ,0.033,0.033,0.033
 NOR3_X6N_A9PP84TSL_C14 ,0.014,0.014000000000000058,0.014
 INV_X14F_A9PP84TL_C16 ,0.005,0.005,0.005
 DFFRPQ_X2N_A9PP84TR_C16 ,0.071,0.07466666666666666,0.081
 AOI31_X1N_A9PP84TR_C16 ,0.010,0.028777777777777784,0.046
 OA21A1OI2_X1N_A9PP84TR_C14 ,0.045,0.045,0.045
 NAND2_X3R_A9PP84TR_C14 ,0.016,0.016,0.016
 BUFH_X5N_A9PP84TL_C14 ,0.009,0.0134,0.017
 NOR2XB_X2N_A9PP84TR_C16 ,0.021,0.027999999999999997,0.033
 AOI21_X3N_A9PP84TR_C14 ,0.012,0.024750000000000005,0.064
 INV_X5F_A9PP84TSL_C16 ,0.006,0.006333333333333333,0.007
 INV_X12N_A9PP84TR_C16 ,0.005,0.006918367346938781,0.007
 BUFH_X5N_A9PP84TR_C16 ,0.026,0.026,0.026
 NOR3BB_X2N_A9PP84TSL_C14 ,0.017,0.02125,0.029
 INV_X12F_A9PP84TSL_C14 ,0.005,0.009430656934306586,0.014
 BUF_X7N_A9PP84TR_C16 ,0.014,0.01575,0.018
 NOR2XB_X2N_A9PP84TL_C16 ,0.012,0.012,0.012
 OA21A1OI2_X1N_A9PP84TR_C16 ,0.025,0.033,0.039
 AND4_X1N_A9PP84TR_C16 ,0.023,0.023333333333333334,0.024
 NAND2_X4N_A9PP84TL_C16 ,0.013,0.013333333333333334,0.014
 NAND2_X3R_A9PP84TR_C16 ,0.016,0.016,0.016
 NOR2_X4TN_A9PP84TSL_C14 ,0.010,0.01,0.010
 XOR2_X1N_A9PP84TL_C14 ,0.024,0.0275,0.031
 AOI22_X2R_A9PP84TSL_C14 ,0.011,0.01447619047619048,0.027
 INV_X3F_A9PP84TR_C14 ,0.014,0.014,0.014
 OAI21B_X1N_A9PP84TR_C16 ,0.013,0.013,0.013
 NAND2_X3TN_A9PP84TR_C14 ,0.012,0.012,0.012
 OAI22_X1R_A9PP84TR_C14 ,0.028,0.028,0.028
 XOR2_X1N_A9PP84TR_C16 ,0.006,0.009382352941176475,0.015
 INV_X12F_A9PP84TSL_C16 ,0.008,0.008,0.008
 BUFH_X12N_A9PP84TR_C14 ,0.009,0.009,0.009
 DLY2_X4N_A9PP84TR_C16 ,0.023,0.027779999999999996,0.040
 INV_X8R_A9PP84TSL_C14 ,0.005,0.0063496402877697075,0.018
 NAND3_X6N_A9PP84TSL_C14 ,0.020,0.02,0.020
 XOR2_X1N_A9PP84TL_C16 ,0.005,0.012,0.019
 INV_X3F_A9PP84TR_C16 ,0.012,0.0155,0.019
 OAI22_X1R_A9PP84TR_C16 ,0.008,0.016333333333333335,0.032
 NOR2_X1P5F_A9PP84TSL_C14 ,0.007,0.009,0.012
 AO21_X2N_A9PP84TL_C14 ,0.010,0.01,0.010
 SDFFXRPQ_X2N_A9PP84TR_C14 ,0.036,0.03600000000000001,0.036
 OAI211_X1N_A9PP84TL_C14 ,0.025,0.026500000000000003,0.028
 NOR2B_X2N_A9PP84TL_C16 ,0.032,0.032,0.032
 NAND4_X2N_A9PP84TL_C14 ,0.017,0.017,0.017
 INV_X1P5R_A9PP84TR_C16 ,0.011,0.02829090909090911,0.060
 NOR3_X2F_A9PP84TSL_C14 ,0.008,0.01444444444444445,0.016
 BUF_X32N_A9PP84TR_C14 ,0.015,0.0165,0.018
 BUFH_X12N_A9PP84TR_C16 ,0.021,0.021,0.021
 INV_X3F_A9PP84TL_C16 ,0.010,0.015000000000000001,0.020
 PREICG_X1N_A9PP84TL_C14 ,0.014,0.02649782608695647,0.099
 OAI211_X1N_A9PP84TR_C16 ,0.019,0.043083333333333355,0.064
 NAND3_X6N_A9PP84TSL_C16 ,0.014,0.014,0.014
 SDFFXRPQ_X2N_A9PP84TL_C14 ,0.046,0.047,0.048
 INV_X1P5R_A9PP84TL_C16 ,0.026,0.026,0.026
 BUFH_X14N_A9PP84TSL_C14 ,0.009,0.012928355196770817,0.018
 INV_X6N_A9PP84TSL_C14 ,0.005,0.0091147959183673,0.036
 SDFFXRPQ_X2N_A9PP84TR_C16 ,0.033,0.037600000000000015,0.048
 OAI211_X1N_A9PP84TL_C16 ,0.021,0.024333333333333335,0.028
 NAND4_X2N_A9PP84TL_C16 ,0.018,0.018,0.018
 BUF_X32N_A9PP84TR_C16 ,0.016,0.0259814814814815,0.032
 NAND2_X1F_A9PP84TR_C14 ,0.024,0.024,0.024
 INV_X24R_A9PP84TSL_C14 ,0.007,0.007,0.007
 PREICG_X1N_A9PP84TL_C16 ,0.016,0.04363546798029557,0.082
 BUF_X20N_A9PP84TL_C14 ,0.027,0.027,0.027
 SDFFRPQH_X1N_A9PP84TL_C14 ,0.046,0.0465,0.047
 XNOR2_X1N_A9PP84TR_C14 ,0.014,0.014,0.014
 SDFFXRPQ_X2N_A9PP84TL_C16 ,0.025,0.03050000000000001,0.040
 NAND2_X1F_A9PP84TL_C14 ,0.023,0.028,0.031
 INV_X1P5N_A9PP84TSL_C14 ,0.007,0.007,0.007
 DLY4_X2N_A9PP84TR_C16 ,0.041,0.051656249999999994,0.136
 BUF_X20N_A9PP84TR_C16 ,0.012,0.012,0.012
 SDFFRPQH_X1N_A9PP84TR_C16 ,0.074,0.07433333333333332,0.075
 INV_X6N_A9PP84TSL_C16 ,0.005,0.007,0.008
 XNOR2_X1N_A9PP84TL_C14 ,0.026,0.026,0.026
 NAND2B_X2N_A9PP84TSL_C14 ,0.020,0.02125,0.022
 BUF_X20N_A9PP84TSL_C14 ,0.013,0.016111111111111118,0.018
 AOI22_X4R_A9PP84TR_C14 ,0.014,0.0155,0.017
 NAND2_X1F_A9PP84TR_C16 ,0.008,0.03870212765957447,0.079
 NOR2_X1F_A9PP84TSL_C14 ,0.006,0.011142857142857144,0.025
 NOR2B_X1N_A9PP84TSL_C14 ,0.017,0.020432835820895532,0.034
 SDFFRPQH_X1N_A9PP84TL_C16 ,0.040,0.04,0.040
 XNOR2_X1N_A9PP84TR_C16 ,0.006,0.01720634920634921,0.041
 BUF_X28N_A9PP84TSL_C14 ,0.014,0.016219512195121973,0.020
 BUF_X2N_A9PP84TR_C14 ,0.018,0.018,0.018
 INV_X1P5N_A9PP84TSL_C16 ,0.010,0.01,0.010
 MX2_X6N_A9PP84TR_C14 ,0.015,0.018266666666666664,0.020
 INVP_X1N_A9PP84TR_C14 ,0.014,0.024130434782608706,0.064
 XNOR2_X1N_A9PP84TL_C16 ,0.022,0.024,0.026
 BUFH_X6N_A9PP84TSL_C14 ,0.012,0.014433975240715446,0.021
 NOR2B_X1N_A9PP84TSL_C16 ,0.031,0.031,0.031
 AOI211_X1P5N_A9PP84TL_C14 ,0.019,0.019,0.019
 MX2_X6N_A9PP84TL_C14 ,0.013,0.013,0.013
 INVP_X1N_A9PP84TL_C14 ,0.022,0.02446913580246911,0.048
 BUF_X2N_A9PP84TR_C16 ,0.012,0.024666666666666667,0.050
 INV_X2F_A9PP84TSL_C14 ,0.005,0.025303738317757004,0.049
 NAND4_X1P5R_A9PP84TSL_C14 ,0.010,0.015947368421052634,0.024
 OAI211_X3N_A9PP84TSL_C14 ,0.017,0.017,0.017
 INVP_X1N_A9PP84TR_C16 ,0.014,0.03366666666666668,0.075
 NOR3_X3N_A9PP84TSL_C14 ,0.010,0.01,0.010
 BUF_X8N_A9PP84TSL_C14 ,0.019,0.018999999999999996,0.019
 BUF_X2N_A9PP84TL_C16 ,0.067,0.067,0.067
 NOR2_X1TN_A9PP84TSL_C14 ,0.008,0.0085,0.009
 NOR2_X1N_A9PP84TL_C14 ,0.019,0.019,0.019
 NAND4_X4N_A9PP84TSL_C14 ,0.012,0.014132137030995117,0.022
 AO21A1AI2_X4N_A9PP84TR_C16 ,0.023,0.023,0.023
 NAND2_X1F_A9PP84TSL_C14 ,0.010,0.013285714285714286,0.018
 INV_X7N_A9PP84TR_C14 ,0.005,0.0065,0.011
 INV_X2F_A9PP84TSL_C16 ,0.007,0.007,0.007
 NOR2_X4R_A9PP84TSL_C14 ,0.006,0.006999999999999999,0.008
 NAND4XXXB_X1N_A9PP84TR_C16 ,0.046,0.04675,0.048
 PREICG_X7N_A9PP84TL_C14 ,0.017,0.04007462686567161,0.053
 INV_X7N_A9PP84TL_C14 ,0.005,0.006333333333333333,0.007
 NOR2_X1N_A9PP84TL_C16 ,0.051,0.0535,0.056
 INV_X6R_A9PP84TR_C14 ,0.017,0.017,0.017
 OAI21_X1N_A9PP84TL_C14 ,0.019,0.019,0.019
 PREICG_X6R_A9PP84TL_C14 ,0.026,0.05368181818181816,0.057
 MXT2_X3N_A9PP84TR_C14 ,0.020,0.025,0.030
 INV_X7N_A9PP84TR_C16 ,0.006,0.03654545454545454,0.043
 OAI21_X1N_A9PP84TR_C16 ,0.025,0.028333333333333335,0.033
 AOI22_X2F_A9PP84TR_C14 ,0.016,0.0184,0.022
 INV_X6R_A9PP84TL_C14 ,0.007,0.007,0.007
 SDFFRPQ_X2N_A9PP84TSL_C14 ,0.020,0.020000000000000007,0.020
 PREICG_X7N_A9PP84TL_C16 ,0.022,0.040400000000000005,0.042
 INV_X7N_A9PP84TL_C16 ,0.007,0.007,0.007
 NOR2_X2N_A9PP84TSL_C14 ,0.006,0.008754385964912285,0.014
 AO1B2_X2N_A9PP84TL_C14 ,0.023,0.023000000000000003,0.023
 INV_X6R_A9PP84TR_C16 ,0.005,0.008,0.011
 BUF_X14N_A9PP84TR_C14 ,0.012,0.012,0.012
 INV_X5R_A9PP84TSL_C14 ,0.007,0.010228070175438598,0.046
 MXT2_X3N_A9PP84TR_C16 ,0.024,0.0335,0.043
 MX2_X4N_A9PP84TSL_C14 ,0.020,0.0205,0.021
 INV_X6R_A9PP84TL_C16 ,0.005,0.005,0.005
 BUF_X14N_A9PP84TL_C14 ,0.014,0.014,0.014
 SDFFRPQ_X2N_A9PP84TSL_C16 ,0.030,0.032,0.036
 NAND3_X1N_A9PP84TR_C16 ,0.010,0.021500000000000002,0.033
 NAND2_X4R_A9PP84TSL_C14 ,0.005,0.011500000000000002,0.017
 MXT2_X3N_A9PP84TL_C16 ,0.019,0.019,0.019
 BUFH_X6N_A9PP84TR_C14 ,0.010,0.01,0.010
 AO1B2_X2N_A9PP84TL_C16 ,0.022,0.022,0.022
 BUF_X14N_A9PP84TR_C16 ,0.017,0.017,0.017
 INV_X5R_A9PP84TSL_C16 ,0.014,0.014,0.014
 XNOR2_X1N_A9PP84TSL_C14 ,0.009,0.020500000000000008,0.025
 DFFRPQ_X3N_A9PP84TR_C16 ,0.033,0.033,0.033
 NAND3_X1N_A9PP84TL_C16 ,0.025,0.026500000000000003,0.028
 INV_X12R_A9PP84TSL_C14 ,0.005,0.007462184873949586,0.013
 MXT2_X0P5N_A9PP84TR_C16 ,0.030,0.03,0.030
 NAND2_X4R_A9PP84TR_C14 ,0.009,0.0094,0.010
 INV_X12R_A9PP84TR_C14 ,0.005,0.006500000000000001,0.008
 INV_X3N_A9PP84TSL_C14 ,0.006,0.018155555555555567,0.052
 BUFH_X6N_A9PP84TL_C14 ,0.009,0.013499999999999998,0.018
 BUF_X14N_A9PP84TL_C16 ,0.017,0.017003478260869582,0.019
 OA22_X1N_A9PP84TR_C16 ,0.024,0.03168750000000001,0.044
 MXGL2_X2N_A9PP84TL_C16 ,0.014,0.01937499999999997,0.029
 AOI21_X4N_A9PP84TR_C14 ,0.011,0.011999999999999999,0.018
 AO22_X2N_A9PP84TSL_C14 ,0.013,0.019111111111111117,0.037
 BUFH_X6N_A9PP84TR_C16 ,0.013,0.013,0.013
 INV_X12R_A9PP84TL_C14 ,0.004,0.004,0.004
 BUF_X8N_A9PP84TR_C16 ,0.025,0.025,0.025
 XNOR2_X1N_A9PP84TSL_C16 ,0.022,0.0235,0.025
 NAND2_X2N_A9PP84TSL_C14 ,0.009,0.01031034482758621,0.015
 SDFFXSQ_X4N_A9PP84TL_C14 ,0.065,0.065,0.065
 INV_X12R_A9PP84TR_C16 ,0.006,0.009,0.011
 SDFFXRPQ_X4N_A9PP84TSL_C14 ,0.014,0.027861702127659576,0.051
 INV_X3N_A9PP84TSL_C16 ,0.006,0.006,0.006
 INV_X4F_A9PP84TR_C14 ,0.008,0.011200000000000002,0.014
 NOR4_X1N_A9PP84TSL_C14 ,0.024,0.03466666666666667,0.042
 OAI2XB1_X1N_A9PP84TR_C16 ,0.035,0.035,0.035
 BUF_X16N_A9PP84TSL_C14 ,0.011,0.01452966793685403,0.022
 AOI21_X4N_A9PP84TR_C16 ,0.021,0.04257142857142858,0.054
 OAI22_X3N_A9PP84TL_C14 ,0.014,0.014,0.014
 OAI22_X2R_A9PP84TR_C14 ,0.017,0.0175,0.019
 INV_X10N_A9PP84TSL_C14 ,0.004,0.009397058823529418,0.017
 NAND2_X4R_A9PP84TL_C16 ,0.014,0.014,0.014
 INV_X4F_A9PP84TL_C14 ,0.010,0.015666666666666666,0.027
 NAND2_X2N_A9PP84TSL_C16 ,0.014,0.016,0.017
 AOI21_X4N_A9PP84TL_C16 ,0.046,0.046,0.046
 NOR2_X6F_A9PP84TSL_C14 ,0.012,0.011999999999999999,0.012
 NOR2_X6R_A9PP84TL_C14 ,0.019,0.019,0.019
 AOI21_X4N_A9PP84TSL_C14 ,0.012,0.019300000000000005,0.042
 SDFFXSQ_X4N_A9PP84TL_C16 ,0.043,0.04833333333333334,0.053
 SDFFXRPQ_X4N_A9PP84TSL_C16 ,0.021,0.047375,0.063
 NAND4_X3R_A9PP84TSL_C14 ,0.009,0.017307692307692312,0.028
 MXT2_X2N_A9PP84TSL_C14 ,0.023,0.02983333333333334,0.031
 NOR4_X1N_A9PP84TSL_C16 ,0.027,0.027,0.027
 INV_X10N_A9PP84TSL_C16 ,0.004,0.0055000000000000005,0.010
 BUFH_X3N_A9PP84TSL_C14 ,0.017,0.022833333333333334,0.032
 INV_X2N_A9PP84TR_C14 ,0.008,0.029648351648351643,0.042
 AO21_X1N_A9PP84TSL_C14 ,0.027,0.028,0.029
 NAND4_X3N_A9PP84TL_C14 ,0.020,0.02,0.020
 AO1B2_X1N_A9PP84TSL_C14 ,0.023,0.023,0.023
 AOI22_X1F_A9PP84TSL_C14 ,0.012,0.01690322580645162,0.024
 PREICG_X2N_A9PP84TL_C14 ,0.010,0.038150039277297806,0.095
 NOR2_X6R_A9PP84TL_C16 ,0.052,0.052,0.052
 AO21A1AI2_X2N_A9PP84TSL_C14 ,0.015,0.0155,0.016
 INV_X2N_A9PP84TL_C14 ,0.009,0.010666666666666666,0.013
 NAND4_X3R_A9PP84TSL_C16 ,0.019,0.019,0.019
 SDFFXRPQ_X3N_A9PP84TL_C14 ,0.025,0.06666666666666667,0.089
 MXT2_X2N_A9PP84TSL_C16 ,0.024,0.024,0.024
 SDFFXSQ_X4N_A9PP84TSL_C14 ,0.038,0.0485,0.059
 SDFFRPQH_X2N_A9PP84TR_C14 ,0.048,0.048,0.048
 INV_X2N_A9PP84TR_C16 ,0.009,0.021846153846153845,0.034
 PREICG_X1R_A9PP84TL_C14 ,0.015,0.015523064250411866,0.021
 INV_X7F_A9PP84TSL_C14 ,0.006,0.010438356164383569,0.016
 AO21_X1N_A9PP84TSL_C16 ,0.031,0.031,0.031
 SDFFXRPQ_X3N_A9PP84TR_C16 ,0.029,0.05983333333333332,0.079
 NOR2_X1P5N_A9PP84TL_C16 ,0.115,0.11500000000000002,0.115
 NAND4_X1N_A9PP84TSL_C14 ,0.024,0.024,0.024
 NAND4_X2R_A9PP84TR_C16 ,0.019,0.019,0.019
 AO1B2_X1N_A9PP84TSL_C16 ,0.026,0.026,0.026
 INV_X10F_A9PP84TR_C14 ,0.006,0.008222222222222221,0.016
 NAND3_X6R_A9PP84TR_C14 ,0.014,0.020333333333333346,0.030
 PREICG_X2N_A9PP84TL_C16 ,0.028,0.04832911392405061,0.083
 SDFFRPQH_X2N_A9PP84TL_C14 ,0.039,0.039,0.039
 AOI22_X6N_A9PP84TR_C14 ,0.014,0.014000000000000004,0.014
 INV_X2N_A9PP84TL_C16 ,0.008,0.015965517241379314,0.054
 NOR2_X1R_A9PP84TSL_C14 ,0.007,0.009600000000000001,0.015
 AOI211_X2N_A9PP84TSL_C14 ,0.010,0.014190476190476194,0.019
 SDFFXRPQ_X3N_A9PP84TL_C16 ,0.024,0.04700000000000001,0.093
 OR2_X1N_A9PP84TR_C16 ,0.015,0.022129629629629628,0.059
 NAND2_X6F_A9PP84TSL_C14 ,0.016,0.017,0.018
 NAND2_X2F_A9PP84TL_C14 ,0.011,0.011500000000000019,0.012
 NAND3_X2R_A9PP84TSL_C14 ,0.009,0.009,0.009
 INV_X10F_A9PP84TL_C14 ,0.004,0.004,0.004
 NAND3_X6R_A9PP84TL_C14 ,0.012,0.012,0.012
 SDFFXSQ_X4N_A9PP84TSL_C16 ,0.026,0.027207920792079184,0.060
 XOR2_X2N_A9PP84TSL_C14 ,0.021,0.021,0.021
 SDFFYRPQ2D_X2N_A9PP84TL_C16 ,0.030,0.0343888888888889,0.043
 PREICG_X1R_A9PP84TL_C16 ,0.018,0.06533333333333334,0.082
 AO211_X2N_A9PP84TSL_C14 ,0.020,0.026410256410256423,0.032
 INV_X14F_A9PP84TSL_C14 ,0.006,0.010959798994974807,0.015
 INV_X24N_DCAP32_A9PP84TL_C14 ,0.002,0.008607118851505365,0.020
 SDFFRPQH_X2N_A9PP84TL_C16 ,0.040,0.04,0.040
 NOR2_X1R_A9PP84TSL_C16 ,0.008,0.008000000000000002,0.008
 BUFH_X1N_A9PP84TR_C14 ,0.010,0.016750000000000004,0.031
 NAND2_X6F_A9PP84TSL_C16 ,0.010,0.01,0.010
 BUF_X3N_A9PP84TR_C14 ,0.018,0.018,0.018
 INV_X10F_A9PP84TL_C16 ,0.006,0.006,0.006
 AOI22_X4R_A9PP84TSL_C14 ,0.011,0.0118,0.013
 XNOR2_X4TN_A9PP84TR_C16 ,0.015,0.015,0.015
 INV_X2R_A9PP84TSL_C14 ,0.005,0.008400000000000006,0.012
 BUFH_X1N_A9PP84TL_C14 ,0.008,0.013272727272727276,0.022
 BUFH_X1N_A9PP84TR_C16 ,0.009,0.025361581920903903,0.070
 NOR2_X6TN_A9PP84TSL_C14 ,0.008,0.0135,0.025
 BUF_X3N_A9PP84TR_C16 ,0.016,0.02236363636363636,0.027
 INVP_X1R_A9PP84TR_C14 ,0.033,0.03394117647058825,0.034
 NAND2_X1R_A9PP84TSL_C14 ,0.009,0.0128421052631579,0.025
 OR2_X2N_A9PP84TSL_C14 ,0.012,0.025750000000000006,0.027
 BUFH_X1N_A9PP84TL_C16 ,0.008,0.010333333333333333,0.022
 NOR3_X4F_A9PP84TSL_C14 ,0.011,0.0185,0.026
 AOI22_X2N_A9PP84TSL_C14 ,0.011,0.014785714285714291,0.027
 NOR2_X1R_A9PP84TR_C14 ,0.012,0.012,0.012
 MX2_X1N_A9PP84TSL_C16 ,0.023,0.023,0.023
 INVP_X1R_A9PP84TR_C16 ,0.012,0.036962962962962934,0.125
 INV_X8N_A9PP84TR_C14 ,0.005,0.006500000000000003,0.011
 OAI21_X2N_A9PP84TR_C14 ,0.037,0.037,0.037
 NAND2_X1R_A9PP84TSL_C16 ,0.017,0.018000000000000002,0.019
 BUFH_X16N_A9PP84TSL_C14 ,0.008,0.011999999999999863,0.018
 INV_X8N_A9PP84TSL_C14 ,0.006,0.009902255639097742,0.016
 PREICG_X8N_A9PP84TL_C14 ,0.050,0.05053333333333335,0.052
 NOR4_X2F_A9PP84TR_C14 ,0.021,0.021,0.021
 INV_X8N_A9PP84TL_C14 ,0.005,0.006,0.007
 NOR2_X1R_A9PP84TR_C16 ,0.007,0.02377142857142858,0.082
 OAI21_X2N_A9PP84TSL_C14 ,0.012,0.014421052631578954,0.019
 PREICG_X7R_A9PP84TL_C14 ,0.020,0.031626666666666664,0.038
 MXT2_X4N_A9PP84TR_C14 ,0.023,0.025599999999999994,0.031
 INV_X8N_A9PP84TR_C16 ,0.005,0.005,0.005
 AOI22_X3F_A9PP84TR_C14 ,0.013,0.013,0.013
 INV_X16F_A9PP84TR_C14 ,0.004,0.0048000000000000004,0.005
 NOR3_X1P5F_A9PP84TSL_C14 ,0.006,0.013369636963696285,0.025
 NAND3BB_X2N_A9PP84TSL_C14 ,0.012,0.01973121869782945,0.026
 MXT2_X4N_A9PP84TL_C14 ,0.014,0.021287392325762988,0.036
 INV_X8N_A9PP84TL_C16 ,0.007,0.007,0.007
 PREICG_X14N_A9PP84TL_C14 ,0.021,0.02561904761904763,0.031
 NOR2_X3F_A9PP84TSL_C14 ,0.006,0.010268292682926835,0.012
 AOI21_X1N_A9PP84TSL_C14 ,0.011,0.018560000000000007,0.036
 OA21_X2N_A9PP84TSL_C14 ,0.019,0.019000000000000097,0.019
 SDFFXRPQ_X1N_A9PP84TSL_C16 ,0.046,0.046,0.046
 INV_X24N_A9PP84TSL_C14 ,0.009,0.010499999999999999,0.012
 MXT2_X4N_A9PP84TR_C16 ,0.018,0.023666666666666666,0.027
 PREICG_X7R_A9PP84TL_C16 ,0.020,0.02,0.020
 AOI22_X3F_A9PP84TR_C16 ,0.020,0.02,0.020
 NOR3_X6F_A9PP84TL_C14 ,0.015,0.0165,0.018
 OR4_X1N_A9PP84TSL_C14 ,0.023,0.023,0.023
 AOI22_X1N_A9PP84TR_C14 ,0.026,0.026,0.026
 sdffq_x1_hd_9t_rvt ,0.027,0.034181818181818195,0.055
 DFFRPQ_X4N_A9PP84TL_C14 ,0.058,0.058,0.058
 NAND2_X6N_A9PP84TR_C14 ,0.018,0.018,0.018
 AOI31_X3N_A9PP84TL_C14 ,0.020,0.02,0.020
 BUFH_X8N_A9PP84TSL_C14 ,0.010,0.013030878859857398,0.020
 MXT2_X4N_A9PP84TL_C16 ,0.019,0.01925,0.020
 PREICG_X14N_A9PP84TL_C16 ,0.025,0.030285714285714284,0.032
 BUFH_X7N_A9PP84TR_C14 ,0.010,0.011580645161290329,0.016
 AOI21_X1N_A9PP84TSL_C16 ,0.020,0.022250000000000002,0.027
 OAI31_X2N_A9PP84TSL_C14 ,0.022,0.022,0.022
 AOI21B_X1N_A9PP84TSL_C14 ,0.014,0.021636363636363634,0.031
 AOI22_X1N_A9PP84TL_C14 ,0.018,0.01933333333333333,0.023
 AOI22_X6F_A9PP84TSL_C14 ,0.019,0.019,0.019
 AOI31_X3N_A9PP84TR_C16 ,0.021,0.021,0.021
 AO21B_X1N_A9PP84TSL_C14 ,0.009,0.015000000000000001,0.020
 BUF_X2N_A9PP84TSL_C14 ,0.015,0.01575,0.018
 INV_X14N_A9PP84TL_C14 ,0.011,0.011,0.011
 INV_X4F_A9PP84TSL_C14 ,0.005,0.00956633813495046,0.015
 BUFH_X7N_A9PP84TL_C14 ,0.008,0.013333333333333334,0.017
 AOI22_X1N_A9PP84TR_C16 ,0.026,0.026,0.026
 DFFRPQ_X4N_A9PP84TL_C16 ,0.063,0.063,0.063
 AOI31_X1N_A9PP84TSL_C14 ,0.024,0.025500000000000002,0.027
 INV_X14N_A9PP84TR_C16 ,0.005,0.005,0.005
 BUFH_X7N_A9PP84TR_C16 ,0.010,0.013624999999999996,0.022
 XOR2_X3N_A9PP84TR_C14 ,0.015,0.015000000000000005,0.015
 NAND2_X3F_A9PP84TSL_C14 ,0.008,0.011000000000000001,0.015
 DFFRPQ_X2N_A9PP84TSL_C16 ,0.053,0.053,0.053
 OA21A1OI2_X3N_A9PP84TR_C16 ,0.021,0.021,0.021
 AO21B_X1N_A9PP84TSL_C16 ,0.022,0.024,0.029
 NOR2_X6R_A9PP84TSL_C14 ,0.014,0.014,0.014
 INV_X12N_DCAP16_A9PP84TL_C14 ,0.003,0.012310733683141931,0.031
 OAI211_X1P5N_A9PP84TSL_C14 ,0.010,0.01578260869565218,0.022
 INV_X5F_A9PP84TR_C14 ,0.007,0.009333333333333334,0.014
 OAI22_X4N_A9PP84TL_C14 ,0.013,0.013,0.013
 NOR3BB_X1N_A9PP84TSL_C14 ,0.017,0.0186,0.025
 NOR2_X3TN_A9PP84TSL_C14 ,0.006,0.007538461538461541,0.009
 XOR2_X3N_A9PP84TR_C16 ,0.018,0.0195,0.021
 NAND2_X4TN_A9PP84TSL_C14 ,0.009,0.009,0.009
 BUFH_X14N_A9PP84TR_C14 ,0.009,0.012083333333333333,0.015
 MX2_X2N_A9PP84TR_C16 ,0.028,0.033,0.038
 INV_X5F_A9PP84TL_C14 ,0.013,0.013,0.013
 INV_X20F_A9PP84TSL_C14 ,0.011,0.011003478260869632,0.013
 AOI22_X1R_A9PP84TSL_C14 ,0.010,0.015281250000000007,0.024
 AOI211_X1P5N_A9PP84TSL_C14 ,0.010,0.013571428571428571,0.022
 INV_X5F_A9PP84TR_C16 ,0.024,0.03341176470588237,0.034
 BUFH_X14N_A9PP84TL_C14 ,0.011,0.011,0.011
 NOR2_X3TN_A9PP84TSL_C16 ,0.012,0.012,0.012
 SDFFRPQ_X4N_A9PP84TSL_C14 ,0.011,0.010999999999999977,0.011
 INV_X3N_A9PP84TR_C14 ,0.006,0.012303370786516863,0.032
 NOR2_X4N_A9PP84TSL_C14 ,0.007,0.01,0.013
 OAI211_X3N_A9PP84TL_C14 ,0.016,0.016,0.016
 SDFFXRPQ_X4N_A9PP84TR_C14 ,0.034,0.034,0.034
 BUFH_X14N_A9PP84TR_C16 ,0.020,0.02,0.020
 INV_X7R_A9PP84TSL_C14 ,0.005,0.010446808510638256,0.015
 INV_X5F_A9PP84TL_C16 ,0.005,0.0115,0.012
 PREICG_X3N_A9PP84TL_C14 ,0.026,0.04530549898167022,0.089
 INV_X3N_A9PP84TL_C14 ,0.007,0.01,0.026
 INV_X2R_A9PP84TR_C14 ,0.011,0.012307692307692313,0.021
 SDFFXRPQ_X4N_A9PP84TL_C14 ,0.030,0.03,0.030
 NOR3_X1F_A9PP84TSL_C14 ,0.011,0.015333333333333332,0.023
 INV_X3N_A9PP84TR_C16 ,0.008,0.01575,0.036
 PREICG_X2R_A9PP84TL_C14 ,0.024,0.04379999999999999,0.056
 NAND2_X6R_A9PP84TSL_C14 ,0.006,0.011954545454545456,0.020
 OAI211_X3N_A9PP84TL_C16 ,0.016,0.016,0.016
 INV_X2R_A9PP84TL_C14 ,0.009,0.0195,0.030
 NAND4_X4N_A9PP84TL_C16 ,0.022,0.022,0.022
 NAND2_X3F_A9PP84TR_C14 ,0.015,0.015,0.015
 OR2_X2N_A9PP84TL_C14 ,0.016,0.017802249851983275,0.030
 PREICG_X3N_A9PP84TL_C16 ,0.029,0.0368,0.051
 NOR2XB_X2N_A9PP84TSL_C14 ,0.009,0.011769230769230761,0.018
 INV_X14R_A9PP84TSL_C14 ,0.004,0.0080625,0.014
 INV_X3N_A9PP84TL_C16 ,0.006,0.018000000000000002,0.048
 INV_X2R_A9PP84TR_C16 ,0.008,0.017558139534883697,0.056
 SDFFXRPQ_X4N_A9PP84TL_C16 ,0.075,0.078,0.081
 BUF_X10N_A9PP84TR_C14 ,0.014,0.014076923076923086,0.015
 INV_X32R_A9PP84TR_C14 ,0.018,0.01888888888888889,0.019
 INV_X5N_A9PP84TSL_C14 ,0.005,0.009750000000000003,0.018
 OR2_X2N_A9PP84TR_C16 ,0.020,0.0322,0.042
 DLY4_X4N_A9PP84TR_C16 ,0.048,0.08511864406779658,0.112
 SDFFRPQH_X3N_A9PP84TR_C16 ,0.046,0.049,0.052
 PREICG_X2R_A9PP84TL_C16 ,0.028,0.04580769230769233,0.058
 INVP_X1N_A9PP84TSL_C16 ,0.031,0.031,0.031
 AOI22_X6R_A9PP84TR_C14 ,0.013,0.0154,0.016
 SDFFRPQ_X1N_A9PP84TR_C14 ,0.040,0.05615000000000001,0.113
 INV_X2R_A9PP84TL_C16 ,0.009,0.023360000000000006,0.036
 BUF_X10N_A9PP84TL_C14 ,0.009,0.009,0.009
 BUF_X10N_A9PP84TSL_C14 ,0.013,0.016181854199683376,0.020
 NAND2_X1N_A9PP84TR_C14 ,0.030,0.03,0.030
 NAND2_X4N_A9PP84TSL_C14 ,0.014,0.014,0.014
 BUFH_X2N_A9PP84TR_C14 ,0.017,0.017,0.017
 BUF_X4N_A9PP84TR_C14 ,0.015,0.023805555555555566,0.037
 SDFFRPQ_X1N_A9PP84TL_C14 ,0.037,0.03728571428571429,0.038
 NAND2B_X1N_A9PP84TSL_C14 ,0.015,0.0162,0.017
 NOR4_X3N_A9PP84TSL_C14 ,0.019,0.019000000000000097,0.019
 INV_X12N_A9PP84TSL_C14 ,0.008,0.010611111111111118,0.016
 NAND2_X1N_A9PP84TL_C14 ,0.022,0.023,0.024
 MX2_X8N_A9PP84TR_C14 ,0.014,0.016900000000000012,0.021
 XOR2_X2TN_A9PP84TR_C14 ,0.010,0.012916666666666667,0.020
 SDFFRPQ_X1N_A9PP84TR_C16 ,0.028,0.06457458563535905,0.113
 BUFH_X2N_A9PP84TL_C14 ,0.030,0.030000000000000006,0.030
 BUF_X4N_A9PP84TL_C14 ,0.012,0.021666666666666667,0.062
 INV_X20R_A9PP84TR_C16 ,0.009,0.013999999999999999,0.024
 NAND2_X1N_A9PP84TR_C16 ,0.029,0.0344,0.042
 NOR2_X8F_A9PP84TSL_C14 ,0.009,0.0095,0.010
 AOI21_X6N_A9PP84TSL_C14 ,0.009,0.01800000000000001,0.029
 OAI22_X1F_A9PP84TR_C16 ,0.008,0.01394444444444445,0.033
 BUFH_X2N_A9PP84TR_C16 ,0.013,0.047678571428571424,0.074
 MX2_X8N_A9PP84TL_C14 ,0.020,0.02,0.020
 BUF_X4N_A9PP84TR_C16 ,0.014,0.027160000000000014,0.029
 MXT2_X4N_A9PP84TSL_C14 ,0.015,0.01554545454545455,0.017
 INV_X1P5F_A9PP84TR_C16 ,0.013,0.023043478260869565,0.046
 INV_X12N_A9PP84TSL_C16 ,0.005,0.005,0.005
 BUFH_X5N_A9PP84TSL_C14 ,0.008,0.01412327044025149,0.018
 NAND2_X1N_A9PP84TL_C16 ,0.023,0.024333333333333335,0.025
 BUFH_X2N_A9PP84TL_C16 ,0.013,0.036,0.056
 AND2_X2N_A9PP84TSL_C14 ,0.014,0.0219232053422372,0.031
 AOI22_X3F_A9PP84TSL_C14 ,0.014,0.014,0.014
 OAI31_X1N_A9PP84TR_C16 ,0.025,0.028999999999999998,0.037
 AOI21_X6N_A9PP84TSL_C16 ,0.030,0.03,0.030
 AO21A1AI2_X4N_A9PP84TSL_C14 ,0.010,0.01,0.010
 OAI211_X2N_A9PP84TSL_C14 ,0.012,0.016205128205128212,0.020
 NOR2_X1P5N_A9PP84TSL_C14 ,0.008,0.008,0.008
 NAND2_X1TN_A9PP84TSL_C14 ,0.015,0.015,0.015
 DLY2_X1N_A9PP84TR_C16 ,0.014,0.02918309859154929,0.057
 MXT2_X4N_A9PP84TSL_C16 ,0.018,0.018,0.018
 OAI21_X3N_A9PP84TR_C14 ,0.011,0.012,0.013
 BUF_X7N_A9PP84TSL_C14 ,0.013,0.01688301119023392,0.025
 NOR3_X2N_A9PP84TSL_C14 ,0.007,0.008684210526315789,0.011
 AOI21_X1P5N_A9PP84TL_C14 ,0.022,0.022,0.022
 NAND4_X3N_A9PP84TSL_C14 ,0.012,0.015764705882352945,0.019
 AND2_X2N_A9PP84TSL_C16 ,0.016,0.016,0.016
 NOR2_X2R_A9PP84TR_C16 ,0.011,0.011,0.011
 INV_X8R_A9PP84TR_C14 ,0.016,0.016,0.016
 NOR2_X3R_A9PP84TSL_C14 ,0.010,0.010499999999999999,0.011
 AOI211_X4N_A9PP84TSL_C14 ,0.010,0.01430434782608696,0.021
 BUF_X28N_A9PP84TR_C14 ,0.014,0.014,0.014
 AOI22_X4F_A9PP84TR_C14 ,0.014,0.01457142857142857,0.015
 NOR3XXB_X2N_A9PP84TSL_C14 ,0.015,0.015000000000000005,0.015
 INV_X16F_A9PP84TSL_C14 ,0.006,0.009911111111111117,0.012
 INV_X8R_A9PP84TR_C16 ,0.008,0.0085,0.009
 BUF_X16N_A9PP84TR_C14 ,0.011,0.014212121212121221,0.017
 AOI22_X6R_A9PP84TSL_C14 ,0.010,0.010666666666666666,0.012
 OA21A1OI2_X1N_A9PP84TSL_C14 ,0.017,0.017,0.017
 PREICG_X14R_A9PP84TL_C14 ,0.021,0.022000000000000002,0.024
 NOR2_X1N_A9PP84TSL_C14 ,0.009,0.0118,0.021
 INV_X4R_A9PP84TSL_C14 ,0.005,0.009879310344827584,0.015
 NAND2_X1P5R_A9PP84TSL_C14 ,0.009,0.009,0.009
 AOI31_X4N_A9PP84TL_C14 ,0.010,0.01,0.010
 NAND3_X2N_A9PP84TSL_C14 ,0.019,0.02090909090909091,0.024
 BUFH_X8N_A9PP84TR_C14 ,0.010,0.011555555555555557,0.024
 NOR4_X1N_A9PP84TR_C16 ,0.030,0.0385,0.050
 BUF_X16N_A9PP84TR_C16 ,0.011,0.018,0.024
 AOI22_X2N_A9PP84TL_C14 ,0.014,0.014666666666666666,0.015
 AOI22_X1R_A9PP84TR_C14 ,0.025,0.026500000000000003,0.028
 NAND2_X6R_A9PP84TR_C14 ,0.007,0.0077647058823529435,0.009
 SDFFRPQ_X1N_A9PP84TSL_C16 ,0.027,0.03833333333333334,0.048
 INV_X14R_A9PP84TR_C14 ,0.004,0.009375,0.013
 NAND2_X3R_A9PP84TSL_C14 ,0.007,0.009181818181818182,0.012
 AO21B_X1N_A9PP84TL_C14 ,0.008,0.008,0.008
 NOR2_X1N_A9PP84TSL_C16 ,0.007,0.007,0.007
 AOI21_X6N_A9PP84TR_C14 ,0.010,0.032818181818181816,0.041
 NAND2_X1P5R_A9PP84TSL_C16 ,0.013,0.013,0.013
 AOI22_X1R_A9PP84TL_C14 ,0.020,0.024333333333333332,0.027
 INV_X4R_A9PP84TSL_C16 ,0.010,0.018,0.026
 AOI22_X4N_A9PP84TSL_C14 ,0.012,0.012,0.012
 XOR2_X4N_A9PP84TR_C14 ,0.012,0.013920000000000005,0.018
 NAND2_X6R_A9PP84TL_C14 ,0.007,0.007333333333333333,0.008
 BUFH_X8N_A9PP84TR_C16 ,0.015,0.016812500000000008,0.017
 AO21B_X1N_A9PP84TR_C16 ,0.025,0.025,0.025
 MX2_X3N_A9PP84TR_C14 ,0.014,0.016,0.018
 NOR2_X8TN_A9PP84TSL_C14 ,0.011,0.015937499999999997,0.030
 BUFH_X10N_A9PP84TSL_C14 ,0.009,0.013928880643166821,0.021
 AOI21_X6N_A9PP84TL_C14 ,0.028,0.028999999999999998,0.030
 AOI22_X1R_A9PP84TR_C16 ,0.014,0.033166666666666664,0.047
 INV_X2N_A9PP84TSL_C14 ,0.006,0.013393939393939399,0.063
 NAND2_X6R_A9PP84TR_C16 ,0.014,0.014,0.014
 INV_X20R_A9PP84TSL_C14 ,0.005,0.0070716666666666775,0.009
 NAND2_X3R_A9PP84TSL_C16 ,0.010,0.01,0.010
 AO22_X1N_A9PP84TSL_C14 ,0.016,0.019500000000000003,0.021
 INV_X6F_A9PP84TR_C14 ,0.026,0.026,0.026
 AOI21_X6N_A9PP84TR_C16 ,0.018,0.030999999999999993,0.044
 AOI22_X1R_A9PP84TL_C16 ,0.022,0.022,0.022
 AO22_X1N_A9PP84TL_C14 ,0.017,0.017,0.017
 INV_X28R_A9PP84TSL_C14 ,0.010,0.012,0.014
 XOR2_X4N_A9PP84TR_C16 ,0.014,0.014,0.014
 NAND2_X1N_A9PP84TSL_C14 ,0.009,0.016647058823529418,0.090
 INV_X6F_A9PP84TL_C14 ,0.010,0.01,0.010
 OAI21_X4N_A9PP84TSL_C14 ,0.009,0.012666666666666666,0.015
 SDFFXRPQ_X3N_A9PP84TSL_C14 ,0.015,0.014999999999999979,0.015
 INV_X2N_A9PP84TSL_C16 ,0.008,0.05289361702127663,0.076
 AO22_X1N_A9PP84TR_C16 ,0.013,0.02573913043478262,0.031
 OAI211_X4N_A9PP84TR_C14 ,0.012,0.014666666666666666,0.020
 AO21A1AI2_X1N_A9PP84TR_C16 ,0.008,0.03013513513513514,0.050
 OAI22_X4R_A9PP84TR_C16 ,0.017,0.017,0.017
 AO211_X1N_A9PP84TR_C16 ,0.031,0.031,0.031
 BUF_X24N_A9PP84TSL_C14 ,0.011,0.01696000000000001,0.021
 INV_X4N_A9PP84TR_C14 ,0.006,0.009647058823529411,0.017
 AO22_X1N_A9PP84TL_C16 ,0.018,0.018666666666666665,0.020
 NAND2_X1N_A9PP84TSL_C16 ,0.024,0.0245,0.025
 OAI211_X4N_A9PP84TL_C14 ,0.017,0.017,0.017
 XNOR2_X2TN_A9PP84TSL_C14 ,0.014,0.014,0.014
 AOI21_X3N_A9PP84TSL_C14 ,0.010,0.018875000000000006,0.050
 AND2_X1N_A9PP84TR_C14 ,0.027,0.027,0.027
 AO21A1AI2_X1N_A9PP84TL_C16 ,0.023,0.0265,0.030
 PREICG_X4N_A9PP84TL_C14 ,0.017,0.03904727272727268,0.066
 NAND4_X2R_A9PP84TSL_C14 ,0.009,0.015277777777777779,0.019
 MXT2_X1N_A9PP84TSL_C14 ,0.018,0.028999999999999998,0.043
 INV_X4N_A9PP84TL_C14 ,0.004,0.0281,0.044
 INV_X3R_A9PP84TR_C14 ,0.012,0.0165,0.021
 BUFH_X2N_A9PP84TSL_C14 ,0.010,0.02001518883415458,0.031
 AND2_X1N_A9PP84TL_C14 ,0.023,0.023,0.023
 SDFFRPQH_X4N_A9PP84TR_C14 ,0.040,0.04292307692307692,0.045
 PREICG_X3R_A9PP84TL_C14 ,0.032,0.04029032258064518,0.054
 INV_X4N_A9PP84TR_C16 ,0.009,0.04263636363636363,0.046
 OAI211_X4N_A9PP84TL_C16 ,0.016,0.016,0.016
 INV_X3R_A9PP84TL_C14 ,0.007,0.036,0.063
 NAND2_X4F_A9PP84TR_C14 ,0.014,0.014,0.014
 AND2_X1N_A9PP84TR_C16 ,0.015,0.02333035714285714,0.043
 INV_X12F_A9PP84TR_C14 ,0.006,0.006888888888888888,0.010
 PREICG_X4N_A9PP84TL_C16 ,0.024,0.030555555555555572,0.052
 MXT2_X1N_A9PP84TSL_C16 ,0.024,0.0268,0.032
 SDFFRPQH_X4N_A9PP84TL_C14 ,0.036,0.03599999999999999,0.036
 DFFRPQ_X4N_A9PP84TSL_C14 ,0.033,0.048961871750432956,0.059
 INV_X4N_A9PP84TL_C16 ,0.007,0.007,0.007
 PREICG_X10N_A9PP84TL_C14 ,0.020,0.02241860465116278,0.033
 BUF_X4N_A9PP84TSL_C14 ,0.008,0.01018502899314723,0.045
 BUFH_X2N_A9PP84TSL_C16 ,0.012,0.012950000000000007,0.013
 INV_X3R_A9PP84TR_C16 ,0.007,0.017,0.029
 INV_X6F_A9PP84TSL_C14 ,0.005,0.0101404494382021,0.016
 NOR3BB_X2N_A9PP84TL_C14 ,0.022,0.022,0.022
 AND2_X1N_A9PP84TL_C16 ,0.029,0.029,0.029
 OA211_X2N_A9PP84TSL_C14 ,0.023,0.023,0.023
 SDFFRPQH_X4N_A9PP84TR_C16 ,0.045,0.047799999999999995,0.055
 AOI31_X3N_A9PP84TSL_C14 ,0.012,0.012,0.012
 PREICG_X3R_A9PP84TL_C16 ,0.036,0.0505,0.057
 INV_X3R_A9PP84TL_C16 ,0.007,0.01525,0.061
 INV_X12F_A9PP84TR_C16 ,0.005,0.005666666666666667,0.007
 AOI211_X1N_A9PP84TSL_C14 ,0.015,0.018142857142857145,0.031
 SDFFRPQH_X4N_A9PP84TL_C16 ,0.031,0.0361818181818182,0.039
 INV_X10N_A9PP84TR_C14 ,0.004,0.006380952380952383,0.016
 BUF_X4N_A9PP84TSL_C16 ,0.014,0.0198,0.028
 BUFH_X3N_A9PP84TR_C14 ,0.018,0.0285,0.039
 INV_X1P5F_A9PP84TSL_C14 ,0.006,0.01462831858407078,0.061
 SDFFXSQ_X3N_A9PP84TSL_C16 ,0.027,0.027176470588235305,0.030
 XOR2_X1N_A9PP84TSL_C14 ,0.006,0.015166666666666669,0.020
 NOR2_X8R_A9PP84TSL_C14 ,0.033,0.033,0.033
 BUF_X5N_A9PP84TR_C14 ,0.011,0.021,0.026
 SDFFRPQ_X2N_A9PP84TL_C14 ,0.036,0.036,0.036
 AO211_X1N_A9PP84TSL_C14 ,0.020,0.022699999999999994,0.027
 OR3_X2N_A9PP84TSL_C14 ,0.028,0.028,0.028
 NAND2_X2N_A9PP84TL_C14 ,0.020,0.02,0.020
 INV_X10N_A9PP84TL_C14 ,0.012,0.012,0.012
 SDFFRPQ_X2N_A9PP84TR_C16 ,0.048,0.06801515151515153,0.107
 BUFH_X3N_A9PP84TL_C14 ,0.010,0.01,0.010
 BUF_X5N_A9PP84TL_C14 ,0.015,0.015,0.015
 AOI21_X1N_A9PP84TR_C14 ,0.033,0.035333333333333335,0.037
 NAND2_X2N_A9PP84TR_C16 ,0.018,0.06899999999999999,0.120
 SDFFXSQ_X1N_A9PP84TR_C14 ,0.036,0.036,0.036
 AOI22_X3R_A9PP84TSL_C14 ,0.012,0.0135,0.016
 INV_X1P5F_A9PP84TSL_C16 ,0.006,0.006,0.006
 BUFH_X3N_A9PP84TR_C16 ,0.035,0.038000000000000006,0.041
 BUF_X5N_A9PP84TR_C16 ,0.015,0.015000000000000008,0.015
 SDFFRPQ_X2N_A9PP84TL_C16 ,0.064,0.064,0.064
 AOI21_X1N_A9PP84TL_C14 ,0.022,0.022,0.022
 NAND2_X2N_A9PP84TL_C16 ,0.020,0.0205,0.021
 NAND2_X1R_A9PP84TR_C16 ,0.008,0.017800000000000003,0.026
 NAND2_X6TN_A9PP84TSL_C14 ,0.009,0.013500000000000009,0.016
 NOR2_X6N_A9PP84TSL_C14 ,0.011,0.011,0.011
 OAI22_X2N_A9PP84TSL_C14 ,0.013,0.014695652173913052,0.016
 AOI21_X1N_A9PP84TR_C16 ,0.006,0.025090909090909094,0.048
 MX2_X8N_A9PP84TSL_C14 ,0.010,0.0218456260720413,0.022
 NAND2_X1R_A9PP84TL_C16 ,0.018,0.018,0.018
 BUFH_X10N_A9PP84TR_C14 ,0.009,0.012249999999999999,0.017
 DLY2_X2N_A9PP84TR_C16 ,0.017,0.023157894736842106,0.035
 OAI21_X4N_A9PP84TR_C14 ,0.011,0.011333333333333334,0.012
 AOI21_X1N_A9PP84TL_C16 ,0.025,0.029249999999999998,0.034
 OR2_X1N_A9PP84TSL_C14 ,0.014,0.017375,0.019
 AOI22_X1N_A9PP84TSL_C14 ,0.011,0.016366666666666675,0.022
 OA22_X2N_A9PP84TSL_C14 ,0.023,0.02366666666666667,0.024
 NAND2_X8R_A9PP84TSL_C14 ,0.007,0.008906976744186052,0.016
 NOR4BB_X1N_A9PP84TSL_C14 ,0.029,0.029,0.029
 NOR4_X4F_A9PP84TR_C14 ,0.028,0.028,0.028
 BUFH_X10N_A9PP84TL_C14 ,0.009,0.009,0.009
 NOR2_X3R_A9PP84TR_C16 ,0.009,0.009,0.009
 INV_X16R_A9PP84TSL_C14 ,0.005,0.0066148255813953125,0.014
 AOI211_X1N_A9PP84TL_C14 ,0.027,0.027,0.027
 BUFH_X10N_A9PP84TR_C16 ,0.009,0.010142857142857144,0.013
 MXT2_X6N_A9PP84TR_C14 ,0.020,0.021416666666666664,0.024
 INV_X7N_A9PP84TSL_C14 ,0.006,0.009428571428571434,0.014
 AOI211_X1N_A9PP84TR_C16 ,0.007,0.03586666666666667,0.046
 MXT2_X6N_A9PP84TL_C14 ,0.016,0.0175,0.019
 PREICG_X16N_A9PP84TL_C14 ,0.013,0.020394329896907013,0.036
 BUF_X12N_A9PP84TSL_C14 ,0.027,0.027,0.027
 NAND2_X6N_A9PP84TSL_C14 ,0.009,0.01309090909090909,0.018
 MXT2_X6N_A9PP84TR_C16 ,0.025,0.025,0.025
 AOI22BB_X1N_A9PP84TL_C14 ,0.018,0.019999999999999997,0.022
 INV_X14N_A9PP84TSL_C14 ,0.005,0.0054696969696969725,0.014
 AOI22_X3N_A9PP84TR_C14 ,0.014,0.01457142857142857,0.015
 NOR2_X2F_A9PP84TSL_C14 ,0.005,0.012894736842105273,0.023
 NOR2B_X2N_A9PP84TSL_C14 ,0.018,0.022858333333333328,0.027
 XOR2_X4TN_A9PP84TR_C14 ,0.015,0.015,0.015
 AOI22BB_X1N_A9PP84TR_C16 ,0.009,0.018,0.027
 PREICG_X16N_A9PP84TL_C16 ,0.018,0.03238129496402876,0.033
 INVP_X1F_A9PP84TR_C14 ,0.017,0.018384615384615388,0.029
 OA21B_X1N_A9PP84TSL_C14 ,0.027,0.027,0.027
 AOI22_X2R_A9PP84TR_C14 ,0.017,0.017,0.017
 AOI2XB1_X2N_A9PP84TSL_C14 ,0.008,0.008,0.008
 MXT2_X6N_A9PP84TSL_C14 ,0.013,0.015533333333333335,0.022
 AO21B_X2N_A9PP84TL_C14 ,0.015,0.021,0.023
 BUFH_X7N_A9PP84TSL_C14 ,0.010,0.013659523090854234,0.025
 AOI22_X2R_A9PP84TL_C14 ,0.014,0.014,0.014
 NAND3_X3R_A9PP84TL_C16 ,0.020,0.02,0.020
 INVP_X1F_A9PP84TR_C16 ,0.005,0.03505161290322581,0.093
 MX2_X4N_A9PP84TR_C14 ,0.013,0.01639344262295083,0.027
 INV_X3F_A9PP84TSL_C14 ,0.007,0.010051020408163273,0.015
 OAI211_X4N_A9PP84TSL_C14 ,0.013,0.016125,0.019
 XOR2_X4TN_A9PP84TL_C16 ,0.014,0.014,0.014
 MXT2_X6N_A9PP84TSL_C16 ,0.016,0.01625,0.017
 NOR3_X4N_A9PP84TSL_C14 ,0.011,0.011,0.011
 AO21B_X2N_A9PP84TL_C16 ,0.015,0.0165,0.018
 INV_X7F_A9PP84TR_C14 ,0.008,0.008,0.008
 NOR2_X1F_A9PP84TR_C16 ,0.009,0.009,0.009
 MX2_X4N_A9PP84TL_C14 ,0.014,0.014,0.014
 AOI22_X1P5F_A9PP84TSL_C14 ,0.022,0.022,0.022
 NAND2_X2F_A9PP84TSL_C14 ,0.009,0.012333333333333333,0.017
 BUFH_X16N_A9PP84TR_C14 ,0.010,0.011142857142857144,0.014
 NAND2XB_X2N_A9PP84TSL_C14 ,0.009,0.00910517529215362,0.015
 NOR2_X2TN_A9PP84TSL_C14 ,0.005,0.0055,0.006
 MX2_X4N_A9PP84TR_C16 ,0.019,0.019,0.019
 NOR2_X1F_A9PP84TL_C16 ,0.038,0.038,0.038
 INV_X3F_A9PP84TSL_C16 ,0.015,0.015,0.015
 NAND2_X3TN_A9PP84TSL_C14 ,0.011,0.011,0.011
 MXIT2_X1N_A9PP84TR_C16 ,0.019,0.019,0.019
 NAND3_X6R_A9PP84TSL_C14 ,0.013,0.016,0.019
 INV_X10F_A9PP84TSL_C14 ,0.005,0.009106865284973875,0.016
 AO21A1AI2_X2N_A9PP84TR_C16 ,0.023,0.023,0.023
 INV_X5N_A9PP84TR_C14 ,0.006,0.03316666666666668,0.045
 AND2_X2N_A9PP84TR_C14 ,0.021,0.021,0.021
 AO21A1AI2_X2N_A9PP84TL_C16 ,0.017,0.017,0.017
 PREICG_X5N_A9PP84TL_C14 ,0.024,0.040702702702702744,0.052
 INV_X5N_A9PP84TL_C14 ,0.006,0.006,0.006
 INV_X4R_A9PP84TR_C14 ,0.009,0.009,0.009
 OA21A1OI2_X3N_A9PP84TSL_C14 ,0.014,0.014,0.014
 NOR2_X3N_A9PP84TSL_C14 ,0.010,0.012000000000000002,0.015
 AND2_X2N_A9PP84TL_C14 ,0.014,0.016,0.018
 SDFFSQ_X2N_A9PP84TR_C14 ,0.041,0.041066666666666626,0.042
 BUF_X24N_A9PP84TR_C14 ,0.017,0.017,0.017
 MXT2_X1N_A9PP84TR_C14 ,0.030,0.03,0.030
 INV_X6R_A9PP84TSL_C14 ,0.004,0.0064117366412214825,0.043
 PREICG_X4R_A9PP84TL_C14 ,0.009,0.030144927536231898,0.067
 INV_X5N_A9PP84TR_C16 ,0.005,0.008363636363636363,0.010
 NAND3_X4N_A9PP84TSL_C14 ,0.008,0.010499999999999999,0.013
 NAND2_X1P5R_A9PP84TL_C14 ,0.004,0.0045663430420711856,0.025
 INV_X4R_A9PP84TL_C14 ,0.008,0.008,0.008
 AND2_X2N_A9PP84TR_C16 ,0.020,0.0235,0.027
 PREICG_X5N_A9PP84TL_C16 ,0.043,0.046113207547169834,0.048
 INV_X5N_A9PP84TL_C16 ,0.006,0.011600000000000001,0.032
 MXT2_X1N_A9PP84TL_C14 ,0.033,0.033,0.033
 INV_X4R_A9PP84TR_C16 ,0.010,0.01,0.010
 BUF_X12N_A9PP84TR_C14 ,0.015,0.017700000000000007,0.020
 SDFFRPQ_X3N_A9PP84TSL_C16 ,0.033,0.033,0.033
 OA21A1OI2_X3N_A9PP84TSL_C16 ,0.009,0.012888888888888896,0.014
 AND2_X2N_A9PP84TL_C16 ,0.016,0.016,0.016
 SDFFSQ_X2N_A9PP84TR_C16 ,0.070,0.07,0.070
 INV_X1P5R_A9PP84TSL_C14 ,0.005,0.005666666666666667,0.006
 DFFRPQ_X1N_A9PP84TR_C14 ,0.036,0.036,0.036
 BUF_X24N_A9PP84TR_C16 ,0.018,0.018,0.018
 MXT2_X1N_A9PP84TR_C16 ,0.016,0.035238095238095235,0.045
 PREICG_X4R_A9PP84TL_C16 ,0.026,0.033999999999999996,0.036
 AOI22_X6N_A9PP84TSL_C14 ,0.009,0.012285714285714287,0.016
 NAND2_X1P5R_A9PP84TL_C16 ,0.015,0.015,0.015
 PREICG_X10R_A9PP84TL_C14 ,0.014,0.017486238532110076,0.037
 INV_X4R_A9PP84TL_C16 ,0.006,0.006,0.006
 NOR2XB_X1N_A9PP84TSL_C14 ,0.009,0.013363636363636373,0.017
 BUF_X12N_A9PP84TL_C14 ,0.009,0.03145349484823236,0.042
 BUFH_X12N_A9PP84TSL_C14 ,0.011,0.01346938775510204,0.017
 INV_X4N_A9PP84TSL_C14 ,0.005,0.009436363636363628,0.042
 NAND2_X3N_A9PP84TR_C14 ,0.016,0.01933333333333333,0.026
 NAND2_X1P5N_A9PP84TSL_C14 ,0.018,0.018,0.018
 MXT2_X1N_A9PP84TL_C16 ,0.020,0.029400000000000003,0.035
 BUFH_X4N_A9PP84TR_C14 ,0.012,0.01777777777777778,0.032
 BUF_X12N_A9PP84TR_C16 ,0.013,0.015,0.017
 BUF_X6N_A9PP84TR_C14 ,0.013,0.018285714285714287,0.027
 SDFFRPQ_X3N_A9PP84TL_C14 ,0.035,0.035500000000000004,0.036
 AO21A1AI2_X1P5N_A9PP84TSL_C14 ,0.023,0.023,0.023
 DFFRPQ_X1N_A9PP84TR_C16 ,0.033,0.05661111111111109,0.109
 NAND2_X3N_A9PP84TL_C14 ,0.016,0.016,0.016
 NAND2_X2R_A9PP84TR_C14 ,0.019,0.019,0.019
 delay100x1 ,0.111,0.13240740740740733,0.205
 INV_X10R_A9PP84TR_C14 ,0.006,0.011000000000000001,0.014
 SDFFQ_X2N_A9PP84TL_C16 ,0.031,0.031,0.031
 PREICG_X10R_A9PP84TL_C16 ,0.045,0.045,0.045
 NOR2XB_X1N_A9PP84TSL_C16 ,0.031,0.036750000000000005,0.045
 SDFFRPQ_X3N_A9PP84TR_C16 ,0.046,0.05575000000000001,0.085
 BUFH_X4N_A9PP84TL_C14 ,0.010,0.015857142857142858,0.018
 NAND2_X3N_A9PP84TSL_C14 ,0.011,0.0115,0.012
 NOR2XB_X1N_A9PP84TR_C16 ,0.040,0.04,0.040
 OAI21_X6N_A9PP84TSL_C14 ,0.008,0.015946826758147525,0.017
 INV_X4N_A9PP84TSL_C16 ,0.005,0.006500000000000001,0.008
 NAND2_X2R_A9PP84TL_C14 ,0.008,0.008,0.008
 SDFFRPQ_X3N_A9PP84TL_C16 ,0.038,0.038,0.038
 OAI2XB1_X2N_A9PP84TSL_C14 ,0.019,0.019,0.019
 XOR2_X1TN_A9PP84TR_C14 ,0.015,0.0155,0.016
 NOR2XB_X1N_A9PP84TL_C16 ,0.030,0.03,0.030
 INV_X5N_DCAP8_A9PP84TL_C14 ,0.004,0.017409107512479927,0.058
 NOR2B_X1N_A9PP84TR_C14 ,0.024,0.024956521739130443,0.046
 INV_X10R_A9PP84TR_C16 ,0.006,0.006500000000000001,0.007
 INV_X20N_A9PP84TSL_C14 ,0.005,0.009999999999999998,0.014
 NAND2_X3N_A9PP84TSL_C16 ,0.017,0.017,0.017
 NAND3_X1P5R_A9PP84TSL_C16 ,0.023,0.023,0.023
 INV_X2F_A9PP84TR_C14 ,0.014,0.0186875,0.019
 NOR2_X4R_A9PP84TR_C14 ,0.013,0.013,0.013
 NAND4_X4R_A9PP84TSL_C14 ,0.009,0.016884057971014492,0.029
 INV_X28N_A9PP84TSL_C14 ,0.008,0.008,0.008
 NAND2_X2R_A9PP84TL_C16 ,0.011,0.011,0.011
 NOR2B_X1N_A9PP84TL_C14 ,0.019,0.020099999999999972,0.023
 INV_X10R_A9PP84TL_C16 ,0.004,0.004,0.004
 BUFH_X4N_A9PP84TSL_C14 ,0.008,0.014779505752024477,0.022
 AO21_X2N_A9PP84TSL_C14 ,0.017,0.020000000000000004,0.023
 AND2_X1N_A9PP84TSL_C14 ,0.016,0.02878947368421052,0.045
 AO1B2_X2N_A9PP84TSL_C14 ,0.012,0.016129032258064523,0.025
 AOI22_X2F_A9PP84TSL_C14 ,0.013,0.016714285714285716,0.024
 INV_X1P5N_A9PP84TR_C16 ,0.011,0.032848837209302297,0.081
 NOR2B_X1N_A9PP84TR_C16 ,0.006,0.02816666666666664,0.044
 AO21A1AI2_X3N_A9PP84TSL_C14 ,0.012,0.012,0.012
 OAI211_X1N_A9PP84TSL_C14 ,0.010,0.019499999999999993,0.023
 SDFFXRPQ_X1N_A9PP84TR_C14 ,0.029,0.06429729729729732,0.099
 INV_X1P5N_A9PP84TL_C16 ,0.021,0.06420000000000001,0.093
 NOR2B_X1N_A9PP84TL_C16 ,0.034,0.034333333333333334,0.035
 BUFH_X4N_A9PP84TSL_C16 ,0.009,0.009,0.009
 NAND4_X1N_A9PP84TL_C14 ,0.029,0.029,0.029
 BUF_X6N_A9PP84TSL_C14 ,0.018,0.018,0.018
 NOR3_X1N_A9PP84TSL_C14 ,0.008,0.03975,0.061
 AOI211_X2N_A9PP84TL_C14 ,0.019,0.019,0.019
 INV_X8F_A9PP84TSL_C14 ,0.004,0.007339233038348043,0.015
 INV_X2F_A9PP84TL_C16 ,0.008,0.011731707317073178,0.014
 AOI22_X6F_A9PP84TR_C14 ,0.012,0.012000000000000002,0.012
 NAND4_X2N_A9PP84TSL_C14 ,0.013,0.015983079526226747,0.017
 AND2_X1N_A9PP84TSL_C16 ,0.020,0.02,0.020
 AO21_X1N_A9PP84TR_C16 ,0.009,0.020892857142857154,0.033
 AO1B2_X2N_A9PP84TSL_C16 ,0.016,0.016,0.016
 NAND4_X1N_A9PP84TR_C16 ,0.031,0.039307692307692314,0.049
